"Index","SMU-1 Time (s)","SMU-1 Voltage (V)","SMU-1 Current (A)","SMU-1 Resistance (Ω)"
"1","0","2.46372485160828","0.00353572657331824","696.808647535235"
,"0.0002","4.49265098571777","0.00667612347751856","672.943063567728"
,"0.0004","4.49889802932739","0.00679667992517352","661.925834209787"
,"0.0006","4.49807500839233","0.00687402905896306","654.357869280067"
,"0.0008","4.49793863296509","0.00694087892770767","648.035887070371"
,"0.001","4.49812746047974","0.00699443835765123","643.100593710891"
,"0.0012","4.49810981750488","0.00703876838088036","639.047852423053"
,"0.0014","4.49808979034424","0.00707919988781214","635.395222853976"
,"0.0016","4.49811601638794","0.00711567420512438","632.141928750561"
,"0.0018","4.49813604354858","0.0071475119329989","629.328930922301"
,"0.002","4.49820899963379","0.00717796105891466","626.66946263901"
,"0.0022","4.49803733825684","0.00720783416181803","624.048394743075"
,"0.0024","4.49824953079224","0.00723499059677124","621.735366566982"
,"0.0026","4.49813318252563","0.00725931162014604","619.636326128006"
,"0.0028","4.49819135665894","0.00728237768635154","617.681690018542"
,"0.003","4.49814176559448","0.00730414409190416","615.834204390926"
,"0.0032","4.49810981750488","0.00732459640130401","614.110262335284"
,"0.0034","4.49818277359009","0.00734448712319136","612.457030442109"
,"0.0036","4.49813890457153","0.00736152799800038","611.033321586682"
,"0.0038","4.49821758270264","0.00737842125818133","609.644993868428"
,"0.004","4.49813032150269","0.00739525584504008","608.245396204856"
,"0.0042","4.49825525283813","0.00741240009665489","606.855430654388"
,"0.0044","4.49820899963379","0.00742647238075733","605.699283456444"
,"0.0046","4.49814796447754","0.00744039798155427","604.55744109778"
,"0.0048","4.49822330474854","0.00745457410812378","603.417880016311"
,"0.005","4.49817705154419","0.00746691925451159","602.414047644394"
,"0.0052","4.49827289581299","0.00748043088242412","601.338741914192"
,"0.0054","4.49808979034424","0.00749307125806808","600.299881774241"
,"0.0056","4.49827575683594","0.00750580057501793","599.306591199326"
,"0.0058","4.49809265136719","0.00751715619117022","598.376904373854"
,"0.006","4.49824094772339","0.00752798048779368","597.53621240346"
,"0.0062","4.49825811386108","0.00753895239904523","596.668857390686"
,"0.0064","4.49805784225464","0.00754891987890005","595.854495002277"
,"0.0066","4.49830484390259","0.00755941867828369","595.059624998029"
,"0.0068","4.49810695648193","0.00756860384717584","594.311321784977"
,"0.007","4.49822616577148","0.00757907377555966","593.506053507088"
,"0.0072","4.49812173843384","0.0075900605879724","592.63317944547"
,"0.0074","4.49821186065674","0.00759759126231074","592.057627918331"
,"0.0076","4.49813890457153","0.00760738179087639","591.286072951695"
,"0.0078","4.49818849563599","0.00761584332212806","590.635640122265"
,"0.008","4.49825239181519","0.00762513186782598","589.924537671988"
,"0.0082","4.49809837341309","0.00763310585170984","589.288090693187"
,"0.0084","4.49824380874634","0.0076422318816185","588.603418271795"
,"0.0086","4.49802589416504","0.00764977792277932","587.994310366962"
,"0.0088","4.49827861785889","0.0076577072031796","587.418465933397"
,"0.009","4.49813318252563","0.0076653715223074","586.812155084119"
,"0.0092","4.49822330474854","0.00767330126836896","586.217476341142"
,"0.0094","4.49808692932129","0.00768097955733538","585.613709259985"
,"0.0096","4.49814510345459","0.00768857030197978","585.043112930415"
,"0.0098","4.49815654754639","0.00769672123715281","584.425030990255"
,"0.01","2.6096670627594","0.00448271445930004","582.162233720969"
,"0.0102","0.508849501609802","0.000821347930468619","619.529778713241"
,"0.0104","0.49822598695755","0.000784229428973049","635.306414871447"
,"0.0106","0.49917083978653","0.000775278429500759","643.86009050706"
,"0.0108","0.49910107254982","0.000767834077123553","650.011620244238"
,"0.011","0.499144673347473","0.000761881528887898","655.147361396284"
,"0.0112","0.499141782522202","0.000757391273509711","659.027638659216"
,"0.0114","0.499086529016495","0.000753329368308187","662.507729039337"
,"0.0116","0.499118506908417","0.000749562808778137","665.87949810641"
,"0.0118","0.499072015285492","0.000746918900404125","668.174302478443"
,"0.012","0.499144673347473","0.000744201068300754","670.712116131704"
,"0.0122","0.499063283205032","0.000742487725801766","672.150213212111"
,"0.0124","0.499121427536011","0.000740153947845101","674.348125804318"
,"0.0126","0.499165028333664","0.000739120063371956","675.35039714172"
,"0.0128","0.499057471752167","0.000737007823772728","677.139991808366"
,"0.013","0.499135971069336","0.000736091984435916","678.089126934095"
,"0.0132","0.499060362577438","0.000734614965040237","679.349572670499"
,"0.0134","0.49910107254982","0.000733876484446228","680.088656780486"
,"0.0136","0.49909234046936","0.000732547079678625","681.310941391394"
,"0.0138","0.499159216880798","0.000731838110368699","682.062343855423"
,"0.014","0.499077826738358","0.000730951898731291","682.777933273864"
,"0.0142","0.499133050441742","0.00073053827509284","683.240108642233"
,"0.0144","0.499083638191223","0.000729578197933733","684.07148076066"
,"0.0146","0.49909234046936","0.000729075982235372","684.554631657356"
,"0.0148","0.499115616083145","0.0007284851744771","685.141762070046"
,"0.015","0.498984783887863","0.000727259204722941","686.116835163273"
,"0.0152","0.499191224575043","0.000727480743080378","686.191668058887"
,"0.0154","0.499016761779785","0.000726328638847917","687.039908781942"
,"0.0156","0.499156326055527","0.000726816128008068","686.771119710192"
,"0.0158","0.499019682407379","0.000725649239029735","687.687184891998"
,"0.016","0.499106884002686","0.000725826481357217","687.639397049016"
,"0.0162","0.499072015285492","0.000725678750313818","687.731334381321"
,"0.0164","0.499112695455551","0.000724836834706366","688.586274258183"
,"0.0166","0.499103993177414","0.000724925426766276","688.490118775114"
,"0.0168","0.499040007591248","0.000724570942111313","688.738643226714"
,"0.017","0.499182522296906","0.000724364188499749","689.131972869582"
,"0.0172","0.49903130531311","0.00072412786539644","689.148048514753"
,"0.0174","0.499121427536011","0.000724098295904696","689.300652078463"
,"0.0176","0.499124348163605","0.000723492703400552","689.881661304428"
,"0.0178","0.499028384685516","0.000723285891581327","689.946244623251"
,"0.018","0.499179601669312","0.000723433622624725","690.014378732099"
,"0.0182","0.499103993177414","0.000722857599612325","690.459633329009"
,"0.0184","0.499150484800339","0.000722783734090626","690.594518467336"
,"0.0186","0.498996406793594","0.000722355383913964","690.790735288584"
,"0.0188","0.499202847480774","0.000722695083823055","690.751685814704"
,"0.019","0.499057471752167","0.000722030410543084","691.186222165898"
,"0.0192","0.499167948961258","0.000722059921827167","691.310975546347"
,"0.0194","0.49909234046936","0.000722148572094738","691.121411514589"
,"0.0196","0.499005138874054","0.000721542979590595","691.580616801498"
,"0.0198","0.499165028333664","0.000721882679499686","691.476665820019"
,"0.02","0.499022573232651","0.000721218064427376","691.916353521814"
,"0.0202","0.499150484800339","0.000721380522008985","691.937846353608"
,"0.0204","0.499045848846436","0.000721085118129849","692.076200574937"
,"0.0206","0.499112695455551","0.000720656709745526","692.580376628693"
,"0.0208","0.499016761779785","0.000720981741324067","692.135089112454"
,"0.021","0.499095261096954","0.000720863579772413","692.357437803316"
,"0.0212","0.499135971069336","0.000720730575267226","692.541690609242"
,"0.0214","0.499048739671707","0.000720257929060608","692.875037589087"
,"0.0216","0.499106884002686","0.000720878364518285","692.359361258131"
,"0.0218","0.499066174030304","0.000720080686733127","693.069795128759"
,"0.022","0.499159216880798","0.000720479467418045","692.815325701947"
,"0.0222","0.499042928218842","0.000720331794582307","692.795919841658"
,"0.0224","0.499103993177414","0.000720154552254826","693.0512229836"
,"0.0226","0.499051660299301","0.000719814852345735","693.30558917059"
,"0.0228","0.499008029699326","0.000719844363629818","693.216554732853"
,"0.023","0.499182522296906","0.000719519448466599","693.772104924664"
,"0.0232","0.499072015285492","0.00071969669079408","693.447700495661"
,"0.0234","0.499121427536011","0.000719593313988298","693.615988133163"
,"0.0236","0.499060362577438","0.000719416071660817","693.701992819436"
,"0.0238","0.499133050441742","0.000719017232768238","694.18788270215"
,"0.024","0.499159216880798","0.000719076313544065","694.167235770324"
,"0.0242","0.499098181724548","0.000719253555871546","693.911316322618"
,"0.0244","0.499133050441742","0.000719253555871546","693.959795356067"
,"0.0246","0.499118506908417","0.000718913797754794","694.267530359259"
,"0.0248","0.499118506908417","0.000719386502169073","693.811331465755"
,"0.025","0.499042928218842","0.000718692259397358","694.376378336539"
,"0.0252","0.499194145202637","0.000718825205694884","694.458320670696"
,"0.0254","0.499037116765976","0.000718825205694884","694.239869181493"
,"0.0256","0.499159216880798","0.00071879563620314","694.438296144205"
,"0.0258","0.49913015961647","0.000718411640264094","694.769031627865"
,"0.026","0.499133050441742","0.000718204886652529","694.973063700727"
,"0.0262","0.499077826738358","0.000718426425009966","694.681889981197"
,"0.0264","0.49910980463028","0.000717820774298161","695.312566174024"
,"0.0266","0.499150484800339","0.000718367344234139","694.840166116529"
,"0.0268","0.499054551124573","0.000718057155609131","695.006723665643"
,"0.027","0.499159216880798","0.000718204886652529","695.009496812702"
,"0.0272","0.499083638191223","0.000718071940355003","695.03292099742"
,"0.0274","0.499202847480774","0.000718160532414913","695.113174490578"
,"0.0276","0.499118506908417","0.000718071940355003","695.081479805019"
,"0.0278","0.499066174030304","0.000717968563549221","695.108671002544"
,"0.028","0.499124348163605","0.000717791263014078","695.361414776395"
,"0.0282","0.499054551124573","0.000717628747224808","695.421627205573"
,"0.0284","0.499074906110764","0.000717717397492379","695.364091569291"
,"0.0286","0.499008029699326","0.000717037997674197","695.929687572933"
,"0.0288","0.49913015961647","0.000717761693522334","695.398158080916"
,"0.029","0.498993515968323","0.000717791263014078","695.179144244524"
,"0.0292","0.499127238988876","0.000717200455255806","695.938262909846"
,"0.0294","0.499112695455551","0.000717614020686597","695.516922841072"
,"0.0296","0.499074906110764","0.000717436778359115","695.636077163792"
,"0.0298","0.499057471752167","0.000717303832061589","695.740702120377"
,"0.03","0.499057471752167","0.000716905051376671","696.127710069595"
,"0.0302","0.499086529016495","0.000717466289643198","695.623663746898"
,"0.0304","0.499034196138382","0.000717510585673153","695.507782188605"
,"0.0306","0.499147593975067","0.000717156159225851","696.009631310818"
,"0.0308","0.499080717563629","0.000717466289643198","695.615563780461"
,"0.031","0.499037116765976","0.000716875481884927","696.12802972955"
,"0.0312","0.499066174030304","0.000717348128091544","695.709871520869"
,"0.0314","0.499072015285492","0.000716402777470648","696.636069792372"
,"0.0316","0.49910107254982","0.000717200455255806","695.901778773696"
,"0.0318","0.498967349529266","0.00071722996653989","695.686701346876"
,"0.032","0.499150484800339","0.000717037997674197","696.12835919351"
,"0.0322","0.499019682407379","0.00071697891689837","696.003286353417"
,"0.0324","0.499005138874054","0.000716580078005791","696.370376724346"
,"0.0326","0.499112695455551","0.000716860755346715","696.247760437313"
,"0.0328","0.499054551124573","0.000716934562660754","696.094981489573"
,"0.033","0.49917083978653","0.00071706750895828","696.128096100324"
,"0.0332","0.499042928218842","0.000716919836122543","696.093067975232"
,"0.0334","0.499150484800339","0.000717023212928325","696.142713095447"
,"0.0336","0.499054551124573","0.000717170885764062","695.865603346248"
,"0.0338","0.499135971069336","0.000716772105079144","696.366345080104"
,"0.034","0.499042928218842","0.000716919836122543","696.093067975232"
,"0.0342","0.499098181724548","0.000716816401109099","696.270594467865"
,"0.0344","0.49909234046936","0.000717141374479979","695.946933519583"
,"0.0346","0.498981863260269","0.000716594862751663","696.323528394024"
,"0.0348","0.499077826738358","0.00071706750895828","695.998383002171"
,"0.035","0.498996406793594","0.000716491427738219","696.444350170104"
,"0.0352","0.499074906110764","0.000716905051376671","696.152028992391"
,"0.0354","0.499005138874054","0.000716269889380783","696.671947644547"
,"0.0356","0.499060362577438","0.000716757320333272","696.275222338"
,"0.0358","0.499034196138382","0.000716890266630799","696.109599149275"
,"0.036","0.499115616083145","0.000716757320333272","696.352310501789"
,"0.0362","0.499156326055527","0.000716875481884927","696.294319821154"
,"0.0364","0.499019682407379","0.000716580078005791","696.390672478822"
,"0.0366","0.499095261096954","0.000716343696694821","696.72597581267"
,"0.0368","0.499008029699326","0.000716314185410738","696.632901962135"
,"0.037","0.499115616083145","0.000716905051376671","696.208814716391"
,"0.0372","0.499019682407379","0.000716491427738219","696.476835714081"
,"0.0374","0.499072015285492","0.000716299400664866","696.736608773169"
,"0.0376","0.49910980463028","0.000716535723768175","696.559554638143"
,"0.0378","0.498981863260269","0.000715944916009903","696.955662512683"
,"0.038","0.499118506908417","0.000716565293259919","696.542955126592"
,"0.0382","0.499098181724548","0.000716713024303317","696.371022711214"
,"0.0384","0.499176681041718","0.000716077862307429","697.098328711367"
,"0.0386","0.499069094657898","0.000716373266186565","696.660691031322"
,"0.0388","0.49910107254982","0.000716358481440693","696.719708749816"
,"0.039","0.499074906110764","0.000716683513019234","696.367220739135"
,"0.0392","0.499083638191223","0.000715944916009903","697.097817207378"
,"0.0394","0.499173790216446","0.000716594862751663","696.591360283636"
,"0.0396","0.499025493860245","0.000715885835234076","697.074127325171"
,"0.0398","0.499141782522202","0.000716373266186565","696.762157498225"
,"0.04","0.499019682407379","0.00071641756221652","696.548645266965"
,"0.0402","0.49917083978653","0.000716255104634911","696.917671589882"
,"0.0404","0.499022573232651","0.000716358481440693","696.610127696191"
,"0.0406","0.499086529016495","0.000715560920070857","697.475945118794"
,"0.0408","0.499066174030304","0.000716565293259919","696.469922175366"
,"0.041","0.499063283205032","0.000715944916009903","697.069386268439"
,"0.0412","0.499176681041718","0.000715930189471692","697.242117154015"
,"0.0414","0.499016761779785","0.000716018781531602","696.932503240155"
,"0.0416","0.499167948961258","0.000716447131708264","696.726843990657"
,"0.0418","0.499060362577438","0.000715708592906594","697.295474056953"
,"0.042","0.499115616083145","0.000715900619979948","697.185617882445"
,"0.0422","0.499072015285492","0.000716033566277474","696.995278978435"
,"0.0424","0.499066174030304","0.00071575294714421","697.260382959697"
,"0.0426","0.499054551124573","0.000716018781531602","696.985280270259"
,"0.0428","0.499089449644089","0.000715324596967548","697.710454470407"
,"0.043","0.499138861894608","0.000715944916009903","697.174951218878"
,"0.0432","0.498990595340729","0.000715442758519202","697.45704935713"
,"0.0434","0.499127238988876","0.00071575294714421","697.345698652515"
,"0.0436","0.499019682407379","0.000715575704816729","697.36811779431"
,"0.0438","0.49910107254982","0.000715546135324985","697.510681576303"
,"0.044","0.499042928218842","0.000715708592906594","697.271114479927"
,"0.0442","0.499098181724548","0.000715442758519202","697.607426703939"
,"0.0444","0.499106884002686","0.00071591540472582","697.159022851077"
,"0.0446","0.499069094657898","0.000715531350579113","697.480402855833"
,"0.0448","0.49913015961647","0.000715885835234076","697.22033186097"
,"0.045","0.499069094657898","0.000715546135324985","697.465991387449"
,"0.0452","0.499106884002686","0.00071559043135494","697.475625907473"
,"0.0454","0.499042928218842","0.000715132511686534","697.832807295984"
,"0.0456","0.499095261096954","0.000715782458428293","697.272272071129"
,"0.0458","0.499063283205032","0.000715324596967548","697.673874658714"
,"0.046","0.499034196138382","0.000715058704372495","697.892624880796"
,"0.0462","0.499121427536011","0.000715634785592556","697.452719717546"
,"0.0464","0.499048739671707","0.000715487054549158","697.495134955541"
,"0.0466","0.499150484800339","0.000715487054549158","697.63733896606"
,"0.0468","0.499005138874054","0.000715442758519202","697.477377375203"
,"0.047","0.49910980463028","0.000715295027475804","697.767753805842"
,"0.0472","0.499048739671707","0.000715309812221676","697.667963091007"
,"0.0474","0.499153405427933","0.000715309812221676","697.814285362052"
,"0.0476","0.499072015285492","0.000715472269803286","697.542080034365"
,"0.0478","0.499086529016495","0.000715162081178278","697.864920626407"
,"0.048","0.499103993177414","0.000715487054549158","697.572359980586"
,"0.0482","0.499042928218842","0.000715132511686534","697.832807295984"
,"0.0484","0.499048739671707","0.000715088215656579","697.884161345732"
,"0.0486","0.499042928218842","0.000715398462489247","697.573386560559"
,"0.0488","0.499115616083145","0.000714467896614224","698.583685073036"
,"0.049","0.499144673347473","0.000715191650670022","697.917366456744"
,"0.0492","0.499095261096954","0.000714984838850796","698.050131942876"
,"0.0494","0.499135971069336","0.000715295027475804","697.804335129703"
,"0.0496","0.499016761779785","0.000715117785148323","697.81058749124"
,"0.0498","0.499118506908417","0.000715295027475804","697.77991980421"
,"0.05","0.499054551124573","0.000715058704372495","697.921091055764"
,"0.0502","0.499106884002686","0.000715250731445849","697.806883739583"
,"0.0504","0.499057471752167","0.000715176924131811","697.809807493436"
,"0.0506","0.499103993177414","0.00071533938171342","697.716365037715"
,"0.0508","0.499127238988876","0.000715531350579113","697.561663210018"
,"0.051","0.499042928218842","0.000715442758519202","697.530196897572"
,"0.0512","0.499086529016495","0.000715103000402451","697.92257721701"
,"0.0514","0.499019682407379","0.000714910973329097","698.016537756603"
,"0.0516","0.499127238988876","0.000715413189027458","697.676876306119"
,"0.0518","0.499028384685516","0.000714910973329097","698.028710290613"
,"0.052","0.499057471752167","0.000715176924131811","697.809807493436"
,"0.0522","0.499069094657898","0.000715250731445849","697.754050036483"
,"0.0524","0.499057471752167","0.000715117785148323","697.867515137604"
,"0.0526","0.499005138874054","0.000715250731445849","697.664632744012"
,"0.0528","0.499063283205032","0.000715191650670022","697.803564593475"
,"0.053","0.499089449644089","0.000715413189027458","697.624054600611"
,"0.0532","0.499022573232651","0.000715088215656579","697.847569442127"
,"0.0534","0.499135971069336","0.000715413189027458","697.689081952581"
,"0.0536","0.499112695455551","0.000715368892997503","697.699746719757"
,"0.0538","0.499135971069336","0.00071533938171342","697.761068143317"
,"0.054","0.498993515968323","0.000715088215656579","697.806934925026"
,"0.0542","0.499072015285492","0.000715309812221676","697.700502297637"
,"0.0544","0.49909234046936","0.000715442758519202","697.59926217209"
,"0.0546","0.498996406793594","0.000715176924131811","697.724423085031"
,"0.0548","0.499153405427933","0.000715309812221676","697.814285362052"
,"0.055","0.499019682407379","0.000714822381269187","698.103046971411"
,"0.0552","0.499115616083145","0.000715088215656579","697.977683249706"
,"0.0554","0.499022573232651","0.000715088215656579","697.847569442127"
,"0.0556","0.499095261096954","0.000715088215656579","697.949218249522"
,"0.0558","0.499080717563629","0.000715250731445849","697.770300150213"
,"0.056","0.499019682407379","0.000715176924131811","697.75696833782"
,"0.0562","0.499080717563629","0.000715206435415894","697.813516279971"
,"0.0564","0.499074906110764","0.000715546135324985","697.47411308999"
,"0.0566","0.499057471752167","0.000715442758519202","697.550524915645"
,"0.0568","0.498996406793594","0.000714881462045014","698.012794129741"
,"0.057","0.499199956655502","0.000715693866368383","697.504869209754"
,"0.0572","0.49900221824646","0.000715162081178278","697.747030189744"
,"0.0574","0.498973160982132","0.000714822381269187","698.037965873692"
,"0.0576","0.499150484800339","0.000715236004907638","697.882211431451"
,"0.0578","0.499063283205032","0.000714896188583225","698.091962406558"
,"0.058","0.499162137508392","0.000715354108251631","697.783282084414"
,"0.0582","0.498976051807404","0.000715221220161766","697.652750983181"
,"0.0584","0.49910107254982","0.000715058704372495","697.986150644526"
,"0.0586","0.499057471752167","0.000715117785148323","697.867515137604"
,"0.0588","0.499008029699326","0.000714955269359052","697.956992675471"
,"0.059","0.499080717563629","0.000715206435415894","697.813516279971"
,"0.0592","0.498970240354538","0.000714615569449961","698.235893095073"
,"0.0594","0.499103993177414","0.000714807596523315","698.235435108635"
,"0.0596","0.498978972434998","0.000714541703928262","698.320293541738"
,"0.0598","0.499138861894608","0.000715088215656579","698.010190863387"
,"0.06","0.498958617448807","0.00071476330049336","698.075316827829"
,"0.0602","0.499112695455551","0.000714822381269187","698.233167474923"
,"0.0604","0.499008029699326","0.000714896188583225","698.014673554569"
,"0.0606","0.499086529016495","0.000714615569449961","698.398622074021"
,"0.0608","0.49909234046936","0.000714955269359052","698.074917213758"
,"0.061","0.499008029699326","0.000714526977390051","698.375352491308"
,"0.0612","0.499135971069336","0.000715014350134879","698.078256716358"
,"0.0614","0.499019682407379","0.000714571273420006","698.348367712885"
,"0.0616","0.499112695455551","0.000715250731445849","697.815008796448"
,"0.0618","0.499022573232651","0.000714704219717532","698.222508648229"
,"0.062","0.499054551124573","0.000714320165570825","698.64267478123"
,"0.0622","0.499069094657898","0.00071476330049336","698.229881575368"
,"0.0624","0.499045848846436","0.000715221220161766","697.750339025964"
,"0.0626","0.499089449644089","0.000714659865479916","698.359420686"
,"0.0628","0.499051660299301","0.000714792811777443","698.17666333036"
,"0.063","0.499072015285492","0.000714586058165878","698.407154159229"
,"0.0632","0.499040007591248","0.000714526977390051","698.420106423537"
,"0.0634","0.499115616083145","0.000714334950316697","698.713699871278"
,"0.0636","0.499028384685516","0.000714408815838397","698.519354215807"
,"0.0638","0.499208688735962","0.000714704219717532","698.482917777176"
,"0.064","0.498993515968323","0.000714822381269187","698.06644145969"
,"0.0642","0.499042928218842","0.000714349735062569","698.597484851213"
,"0.0644","0.499106884002686","0.00071476330049336","698.282751308274"
,"0.0646","0.49900221824646","0.000714984838850796","697.91999932266"
,"0.0648","0.499098181724548","0.000714305380824953","698.718216497457"
,"0.065","0.498996406793594","0.000714261084794998","698.619058795304"
,"0.0652","0.499077826738358","0.000714586058165878","698.415286773627"
,"0.0654","0.499042928218842","0.00071436446160078","698.583083347348"
,"0.0656","0.499074906110764","0.000714482623152435","698.512307981332"
,"0.0658","0.499080717563629","0.000714157707989216","698.838242562475"
,"0.066","0.498996406793594","0.000714024761691689","698.850283022898"
,"0.0662","0.499124348163605","0.000714615569449961","698.451544440573"
,"0.0664","0.498976051807404","0.000714231573510915","698.619425846172"
,"0.0666","0.499147593975067","0.000714733731001616","698.36859843675"
,"0.0668","0.498915016651154","0.000714128196705133","698.635089544235"
,"0.067","0.499103993177414","0.000714718946255744","698.322040841524"
,"0.0672","0.499086529016495","0.000714659865479916","698.355333948049"
,"0.0674","0.499042928218842","0.000714172492735088","698.770861795085"
,"0.0676","0.499098181724548","0.00071468943497166","698.342744837608"
,"0.0678","0.499005138874054","0.000714526977390051","698.371306702467"
,"0.068","0.49910107254982","0.000714586058165878","698.447817231221"
,"0.0682","0.498973160982132","0.000714571273420006","698.283263744985"
,"0.0684","0.49910107254982","0.000714497407898307","698.534476168255"
,"0.0686","0.498976051807404","0.000714423542376608","698.431703618704"
,"0.0688","0.499112695455551","0.000714645138941705","698.40633939618"
,"0.069","0.498984783887863","0.000714556488674134","698.313977686682"
,"0.0692","0.499037116765976","0.00071427586954087","698.661592875526"
,"0.0694","0.499042928218842","0.000714630354195833","698.323161462138"
,"0.0696","0.499013870954514","0.00071427586954087","698.629048290928"
,"0.0698","0.499086529016495","0.00071485189255327","698.167738262375"
,"0.07","0.499042928218842","0.000714704219717532","698.250988942076"
,"0.0702","0.499034196138382","0.000714453111868352","698.484180205147"
,"0.0704","0.499060362577438","0.000715043919626623","697.943649164983"
,"0.0706","0.499074906110764","0.000714600784704089","698.396806711354"
,"0.0708","0.499042928218842","0.000714512192644179","698.438645773202"
,"0.071","0.499019682407379","0.000714778027031571","698.146366473767"
,"0.0712","0.499144673347473","0.000714896188583225","698.20581130342"
,"0.0714","0.498917907476425","0.00071427586954087","698.494697569897"
,"0.0716","0.499098181724548","0.000714910973329097","698.126340683257"
,"0.0718","0.499066174030304","0.00071436446160078","698.615623895922"
,"0.072","0.498993515968323","0.000714320165570825","698.557229683651"
,"0.0722","0.499022573232651","0.000714778027031571","698.150410841616"
,"0.0724","0.498990595340729","0.000714423542376608","698.452060637283"
,"0.0726","0.499086529016495","0.000714674650225788","698.34088680607"
,"0.0728","0.499013870954514","0.000714556488674134","698.354684148818"
,"0.073","0.49903130531311","0.000714748515747488","698.19145380277"
,"0.0732","0.498981863260269","0.000715147296432406","697.732992559012"
,"0.0734","0.499138861894608","0.00071476330049336","698.327490443453"
,"0.0736","0.499028384685516","0.000714586058165878","698.346096992668"
,"0.0738","0.498978972434998","0.000714778027031571","698.089411767772"
,"0.074","0.499138861894608","0.000714394031092525","698.688455069079"
,"0.0742","0.49893245100975","0.000714674650225788","698.125294988596"
,"0.0744","0.499063283205032","0.000714925758074969","698.063089164427"
,"0.0746","0.498978972434998","0.000714423542376608","698.435791708501"
,"0.0748","0.499063283205032","0.000714512192644179","698.467133721204"
,"0.075","0.498935371637344","0.000714216788765043","698.576929982361"
,"0.0752","0.499072015285492","0.000714379246346653","698.609342079511"
,"0.0754","0.499025493860245","0.000714512192644179","698.414245407783"
,"0.0756","0.499022573232651","0.000713788438588381","699.118318895077"
,"0.0758","0.499051660299301","0.000714586058165878","698.378669155976"
,"0.076","0.499005138874054","0.000714674650225788","698.227002617768"
,"0.0762","0.499135971069336","0.000714704219717532","698.381172657139"
,"0.0764","0.498949885368347","0.000714113411959261","698.698381815033"
,"0.0766","0.499185413122177","0.000714423542376608","698.724752912792"
,"0.0768","0.498967349529266","0.00071443832712248","698.405069530552"
,"0.077","0.499150484800339","0.000714453111868352","698.646946186602"
,"0.0772","0.499040007591248","0.00071443832712248","698.506769088404"
,"0.0774","0.499034196138382","0.000714024761691689","698.90320744067"
,"0.0776","0.499095261096954","0.00071436446160078","698.656341300292"
,"0.0778","0.499005138874054","0.000714157707989216","698.732413431557"
,"0.078","0.499103993177414","0.000714556488674134","698.480807449535"
,"0.0782","0.498961538076401","0.000714423542376608","698.411388315327"
,"0.0784","0.499118506908417","0.000714290654286742","698.761077039169"
,"0.0786","0.499042928218842","0.000714098627213389","698.843141830766"
,"0.0788","0.499042928218842","0.000713877088855952","699.06001468488"
,"0.079","0.499057471752167","0.000714733731001616","698.242506412558"
,"0.0792","0.499028384685516","0.000713950954377651","698.967319289485"
,"0.0794","0.499173790216446","0.000714541703928262","698.59294072297"
,"0.0796","0.498923718929291","0.000713950954377651","698.820718524287"
,"0.0798","0.499086529016495","0.000714113411959261","698.88972907985"
,"0.08","0.498935371637344","0.000713906600140035","698.880457947127"
,"0.0802","0.499074906110764","0.000714320165570825","698.671170387503"
,"0.0804","0.498926639556885","0.000713995250407606","698.781454459336"
,"0.0806","0.499008029699326","0.000714069115929306","698.823151103385"
,"0.0808","0.499069094657898","0.000714394031092525","698.59079574709"
,"0.081","0.498952805995941","0.000713670218829066","699.136369757146"
,"0.0812","0.499205768108368","0.000714497407898307","698.681006522866"
,"0.0814","0.499022573232651","0.000713685003574938","699.219642745727"
,"0.0816","0.499083638191223","0.000714098627213389","698.900150723978"
,"0.0818","0.499019682407379","0.00071427586954087","698.637184437078"
,"0.082","0.499072015285492","0.00071427586954087","698.710451476249"
,"0.0822","0.499112695455551","0.000713965680915862","699.07099010039"
,"0.0824","0.498955696821213","0.000713803223334253","699.010148049677"
,"0.0826","0.499089449644089","0.000713655492290854","699.342266731525"
,"0.0828","0.498952805995941","0.000714098627213389","698.71693766307"
,"0.083","0.499089449644089","0.000713965680915862","699.038431376513"
,"0.0832","0.499034196138382","0.000714202004019171","698.729761790176"
,"0.0834","0.499037116765976","0.000714128196705133","698.806067409814"
,"0.0836","0.499013870954514","0.000714379246346653","698.52795067393"
,"0.0838","0.499057471752167","0.000714113411959261","698.84903909442"
,"0.084","0.499144673347473","0.000714512192644179","698.581043803185"
,"0.0842","0.498978972434998","0.00071418727748096","698.666845753634"
,"0.0844","0.499138861894608","0.000714807596523315","698.284215671912"
,"0.0846","0.499025493860245","0.000713995250407606","698.919906785599"
,"0.0848","0.499016761779785","0.000714290654286742","698.618634844215"
,"0.085","0.498990595340729","0.000714083842467517","698.78432428392"
,"0.0852","0.499008029699326","0.000714157707989216","698.736461312353"
,"0.0854","0.499034196138382","0.000714069115929306","698.859795229944"
,"0.0856","0.499025493860245","0.000714586058165878","698.342051538326"
,"0.0858","0.499022573232651","0.000713950954377651","698.95917944062"
,"0.086","0.498993515968323","0.00071386230411008","699.005274680222"
,"0.0862","0.499051660299301","0.00071436446160078","698.59530691239"
,"0.0864","0.498973160982132","0.000714379246346653","698.470964174686"
,"0.0866","0.499051660299301","0.000714482623152435","698.479772814333"
,"0.0868","0.498976051807404","0.00071427586954087","698.576100755218"
,"0.087","0.499074906110764","0.000714571273420006","698.425650001495"
,"0.0872","0.499034196138382","0.000714630354195833","698.31094244512"
,"0.0874","0.498961538076401","0.000713847519364208","698.974955493021"
,"0.0876","0.499124348163605","0.000714645138941705","698.422644982574"
,"0.0878","0.498935371637344","0.000713921384885907","698.865984686927"
,"0.088","0.499089449644089","0.000714083842467517","698.922759433241"
,"0.0882","0.498976051807404","0.000714408815838397","698.4461008111"
,"0.0884","0.499083638191223","0.000714128196705133","698.871211771095"
,"0.0886","0.499048739671707","0.000714246300049126","698.706790133015"
,"0.0888","0.498996406793594","0.000714069115929306","698.80687409956"
,"0.089","0.499089449644089","0.000714659865479916","698.359420686"
,"0.0892","0.499008029699326","0.000713891873601824","698.996652226426"
,"0.0894","0.499121427536011","0.000714394031092525","698.664050667813"
,"0.0896","0.498938262462616","0.000714261084794998","698.537653924989"
,"0.0898","0.499051660299301","0.000715043919626623","697.931478894181"
,"0.09","0.498955696821213","0.000714334950316697","698.489828336137"
,"0.0902","0.499098181724548","0.000714320165570825","698.703754675203"
,"0.0904","0.499016761779785","0.000715029134880751","697.897102980298"
,"0.0906","0.498978972434998","0.000713847519364208","698.999378577957"
,"0.0908","0.49903130531311","0.00071443832712248","698.494588501491"
,"0.091","0.498967349529266","0.000714010035153478","698.824001012832"
,"0.0912","0.499135971069336","0.000714142923243344","698.930080833771"
,"0.0914","0.498958617448807","0.000714467896614224","698.363943031326"
,"0.0916","0.49910107254982","0.000714142923243344","698.881213137432"
,"0.0918","0.498955696821213","0.000713936169631779","698.879981215344"
,"0.092","0.499042928218842","0.000714039546437562","698.900965231734"
,"0.0922","0.499034196138382","0.000714231573510915","698.700834080049"
,"0.0924","0.498996406793594","0.00071386230411008","699.009324236075"
,"0.0926","0.499106884002686","0.000714526977390051","698.513701785999"
,"0.0928","0.49901095032692","0.000713965680915862","698.928483070499"
,"0.093","0.49910980463028","0.000714467896614224","698.575551113633"
,"0.0932","0.499005138874054","0.000714098627213389","698.790222887433"
,"0.0934","0.499042928218842","0.000714113411959261","698.828673235045"
,"0.0936","0.499057471752167","0.000714172492735088","698.791225969669"
,"0.0938","0.498999327421188","0.000714113411959261","698.767617390241"
,"0.094","0.49903130531311","0.000714010035153478","698.913573680855"
,"0.0942","0.49900221824646","0.000713980465661734","698.901779874289"
,"0.0944","0.499060362577438","0.00071427586954087","698.694137460124"
,"0.0946","0.498964428901672","0.00071386230411008","698.964528633705"
,"0.0948","0.499080717563629","0.000714010035153478","698.982777540865"
,"0.095","0.499005138874054","0.000714083842467517","698.804690986624"
,"0.0952","0.49913015961647","0.00071418727748096","698.878536981187"
,"0.0954","0.499063283205032","0.000713995250407606","698.972833390876"
,"0.0956","0.498964428901672","0.000714157707989216","698.675409254572"
,"0.0958","0.499133050441742","0.000714054331183434","699.012706238343"
,"0.096","0.499057471752167","0.000714039546437562","698.921333197903"
,"0.0962","0.49910107254982","0.000714586058165878","698.447817231221"
,"0.0964","0.498938262462616","0.00071369978832081","699.087025984015"
,"0.0966","0.49909234046936","0.000714157707989216","698.85451754712"
,"0.0968","0.498967349529266","0.000713744084350765","699.084392388536"
,"0.097","0.499019682407379","0.000713818008080125","699.085308522176"
,"0.0972","0.499089449644089","0.000713832792825997","699.1685653278"
,"0.0974","0.499054551124573","0.000713744084350765","699.206567264963"
,"0.0976","0.499083638191223","0.000714157707989216","698.842332174002"
,"0.0978","0.499022573232651","0.000713906600140035","699.002605011308"
,"0.098","0.499063283205032","0.000714246300049126","698.727152203248"
,"0.0982","0.499028384685516","0.00071377371205017","699.140884934189"
,"0.0984","0.499072015285492","0.000714231573510915","698.75378489952"
,"0.0986","0.49901095032692","0.000713877088855952","699.015220010249"
,"0.0988","0.49910980463028","0.000714069115929306","698.965679226621"
,"0.099","0.499072015285492","0.000714482623152435","698.508261941333"
,"0.0992","0.498920828104019","0.000713891873601824","698.874502642531"
,"0.0994","0.499182522296906","0.000714334950316697","698.807362114363"
,"0.0996","0.49894118309021","0.000713877088855952","698.917489969884"
,"0.0998","0.499103993177414","0.000713950954377651","699.073220810359"
,"0.1","0.498964428901672","0.000713640707544982","699.181568016454"
,"0.1002","0.49910980463028","0.000713980465661734","699.052465206723"
,"0.1004","0.49903130531311","0.000714202004019171","698.725714160437"
,"0.1006","0.499042928218842","0.000713758869096637","699.175799875455"
,"0.1008","0.499144673347473","0.000714320165570825","698.768839808125"
,"0.101","0.49901095032692","0.000714379246346653","698.523862330646"
,"0.1012","0.499048739671707","0.000714083842467517","698.865749359689"
,"0.1014","0.498952805995941","0.000713950954377651","698.861459511426"
,"0.1016","0.499074906110764","0.000714142923243344","698.844572798076"
,"0.1018","0.499045848846436","0.00071443832712248","698.514945098797"
,"0.102","0.499045848846436","0.000714128196705133","698.818295018946"
,"0.1022","0.499072015285492","0.000714113411959261","698.869404953794"
,"0.1024","0.498984783887863","0.000714083842467517","698.776185949848"
,"0.1026","0.499066174030304","0.000714083842467517","698.890164361906"
,"0.1028","0.499016761779785","0.000713936169631779","698.965514013891"
,"0.103","0.499037116765976","0.000714054331183434","698.878355571207"
,"0.1032","0.498935371637344","0.000713788438588381","698.996151610498"
,"0.1034","0.49910980463028","0.000714320165570825","698.720025958433"
,"0.1036","0.498944073915482","0.000714024761691689","698.776990217213"
,"0.1038","0.498990595340729","0.000714349735062569","698.524225388034"
,"0.104","0.499095261096954","0.000714113411959261","698.901956942138"
,"0.1042","0.498915016651154","0.000714142923243344","698.62068279734"
,"0.1044","0.499153405427933","0.000714172492735088","698.925554408165"
,"0.1046","0.498964428901672","0.00071427586954087","698.559828462919"
,"0.1048","0.499037116765976","0.00071427586954087","698.661592875526"
,"0.105","0.498976051807404","0.000713552057277411","699.284721722012"
,"0.1052","0.49903130531311","0.000713891873601824","699.029256062728"
,"0.1054","0.499045848846436","0.000714054331183434","698.890584445227"
,"0.1056","0.499025493860245","0.000714083842467517","698.8331960234"
,"0.1058","0.499028384685516","0.000714261084794998","698.663829387742"
,"0.106","0.498981863260269","0.000713640707544982","699.205998179157"
,"0.1062","0.499013870954514","0.000714098627213389","698.802451002888"
,"0.1064","0.498949885368347","0.000714010035153478","698.799541747472"
,"0.1066","0.499074906110764","0.000714556488674134","698.440100987399"
,"0.1068","0.49901095032692","0.000713965680915862","698.928483070499"
,"0.107","0.49901095032692","0.000714142923243344","698.755016797782"
,"0.1072","0.49910980463028","0.00071476330049336","698.286837454823"
,"0.1074","0.498996406793594","0.000714202004019171","698.676850506569"
,"0.1076","0.49913015961647","0.000714704219717532","698.3730413873"
,"0.1078","0.499013870954514","0.000713803223334253","699.091646887731"
,"0.108","0.49910107254982","0.000713906600140035","699.112562416316"
,"0.1082","0.498993515968323","0.000714142923243344","698.730603815409"
,"0.1084","0.499057471752167","0.000714010035153478","698.950220839533"
,"0.1086","0.499025493860245","0.000714128196705133","698.789791752607"
,"0.1088","0.499008029699326","0.000713581626769155","699.300557889442"
,"0.109","0.499051660299301","0.00071386230411008","699.086725025259"
,"0.1092","0.498981863260269","0.000713758869096637","699.090245830222"
,"0.1094","0.499112695455551","0.00071436446160078","698.680746711723"
,"0.1096","0.498964428901672","0.000713729299604893","699.094781702096"
,"0.1098","0.499115616083145","0.000713906600140035","699.132934175482"
,"0.11","1.67943179607391","0.00240199430845678","699.18225457949"
"2","0.1102","4.46081495285034","0.0066267135553062","673.156447101662"
,"0.1104","4.4993748664856","0.00682086823508143","659.648407125677"
,"0.1106","4.49794149398804","0.00690515758469701","651.388681404785"
,"0.1108","4.49792671203613","0.00697261281311512","645.084824382586"
,"0.111","4.49779891967773","0.00702834269031882","639.951567226968"
,"0.1112","4.49796772003174","0.00707741314545274","635.538384942484"
,"0.1114","4.49790954589844","0.00711945444345474","631.777277545976"
,"0.1116","4.49803161621094","0.00715742027387023","628.443132315705"
,"0.1118","4.49801111221313","0.00719135487452149","625.474780579846"
,"0.112","4.49802255630493","0.00722314743325114","622.723348494684"
,"0.1122","4.49805498123169","0.0072530210018158","620.162961075888"
,"0.1124","4.49801969528198","0.00728013319894671","617.848543750924"
,"0.1126","4.49815368652344","0.00730469077825546","615.789747036726"
,"0.1128","4.49796485900879","0.00732703227549791","613.886317117817"
,"0.113","4.49809265136719","0.00734934536740184","612.039906481816"
,"0.1132","4.49801397323608","0.00736994529142976","610.318502427238"
,"0.1134","4.49810981750488","0.00738971820101142","608.698423288893"
,"0.1136","4.49802255630493","0.00740709854289889","607.258365776318"
,"0.1138","4.49807786941528","0.0074242134578526","605.865913601617"
,"0.114","4.49819135665894","0.00744149088859558","604.4744828691"
,"0.1142","4.49797344207764","0.00745641998946667","603.234990576136"
,"0.1144","4.49819421768188","0.00747170392423868","602.030576063039"
,"0.1146","4.49803161621094","0.00748641137033701","600.826136008667"
,"0.1148","4.49817085266113","0.00750015955418348","599.743354813314"
,"0.115","4.49810123443604","0.00751387793570757","598.639114572262"
,"0.1152","4.49809837341309","0.00752703519538045","597.592313129304"
,"0.1154","4.49808979034424","0.00753971980884671","596.585802176152"
,"0.1156","4.49799394607544","0.00755110522732139","595.67358825842"
,"0.1158","4.49814510345459","0.0075616929680109","594.859527156631"
,"0.116","4.49802875518799","0.00757220713421702","594.018187228721"
,"0.1162","4.49808979034424","0.00758263235911727","593.209531639205"
,"0.1164","4.49814176559448","0.00759369321167469","592.352316614392"
,"0.1166","4.49816513061523","0.00760309956967831","591.622546751095"
,"0.1168","4.49809837341309","0.00761299300938845","590.844936789771"
,"0.117","4.49803733825684","0.00762262148782611","590.090606681774"
,"0.1172","4.49813032150269","0.00763133354485035","589.429133855385"
,"0.1174","4.49805164337158","0.00764072546735406","588.694314772866"
,"0.1176","4.49813890457153","0.0076499842107296","587.993227262169"
,"0.1178","4.49806642532349","0.00765875540673733","587.310363948506"
,"0.118","4.49817085266113","0.00766808819025755","586.609170506952"
,"0.1182","4.49807214736938","0.00767709594219923","585.908028404923"
,"0.1184","4.49811887741089","0.00768560171127319","585.265675531049"
,"0.1186","4.49811315536499","0.00769431423395872","584.602216466888"
,"0.1188","4.49814796447754","0.00770131405442953","584.075384108035"
,"0.119","4.49811887741089","0.00770875671878457","583.50769670159"
,"0.1192","4.49807500839233","0.00771594792604446","582.958186279291"
,"0.1194","4.49816799163818","0.00772361177951097","582.391777325062"
,"0.1196","4.49807500839233","0.0077311135828495","581.814632547987"
,"0.1198","4.49811887741089","0.00773923518136144","581.209741273117"
,"0.12","2.45091438293457","0.00423254445195198","579.064061998037"
,"0.1202","0.505555510520935","0.000818113156128675","617.953038322024"
,"0.1204","0.498345166444778","0.000788276607636362","632.195807432445"
,"0.1206","0.498993515968323","0.000778335961513221","641.102994904915"
,"0.1208","0.499165028333664","0.000771379040088505","647.10732647907"
,"0.121","0.498976051807404","0.000764998083468527","652.257910954534"
,"0.1212","0.499141782522202","0.000760566908866167","656.275965603485"
,"0.1214","0.498999327421188","0.000756578869186342","659.547005268379"
,"0.1216","0.499156326055527","0.000753299798816442","662.626389705378"
,"0.1218","0.498996406793594","0.000749695755075663","665.598549031711"
,"0.122","0.49913015961647","0.000747332524042577","667.882292766418"
,"0.1222","0.499077826738358","0.000745707657188177","669.26740248346"
,"0.1224","0.498973160982132","0.000743329641409218","671.267676123031"
,"0.1226","0.499135971069336","0.000741763971745968","672.904036973469"
,"0.1228","0.499042928218842","0.000740331190172583","674.080647746999"
,"0.123","0.499054551124573","0.000739016628358513","675.295429052877"
,"0.1232","0.499022573232651","0.000738263304810971","675.941185185173"
,"0.1234","0.499057471752167","0.000736830581445247","677.302875748312"
,"0.1236","0.499080717563629","0.000735811365302652","678.272640377535"
,"0.1238","0.499098181724548","0.000734511588234454","679.496674687231"
,"0.124","0.499118506908417","0.000734363857191056","679.66104543536"
,"0.1242","0.499045848846436","0.000733182183466852","680.65735924828"
,"0.1244","0.499135971069336","0.000732635729946196","681.288054441451"
,"0.1246","0.499008029699326","0.0007316903793253","681.993427547136"
,"0.1248","0.499144673347473","0.00073102570604533","682.80043946433"
,"0.125","0.499028384685516","0.000730833737179637","682.820673565671"
,"0.1252","0.499040007591248","0.00073021330172196","683.416758383381"
,"0.1254","0.499054551124573","0.000729785009752959","683.83776654101"
,"0.1256","0.498987704515457","0.000729031686205417","684.452697951539"
,"0.1258","0.499118506908417","0.000728706712834537","684.937435208928"
,"0.126","0.498976051807404","0.000728145474568009","685.269728694577"
,"0.1262","0.499124348163605","0.000727687554899603","685.904746897131"
,"0.1264","0.499040007591248","0.000727510312572122","685.955922503539"
,"0.1266","0.498996406793594","0.000727037666365504","686.341891044106"
,"0.1268","0.499008029699326","0.000726963800843805","686.427617331309"
,"0.127","0.49910107254982","0.000726535508874804","686.960329472107"
,"0.1272","0.499013870954514","0.000726240046788007","687.11973838614"
,"0.1274","0.499051660299301","0.000725900288671255","687.493403829339"
,"0.1276","0.499051660299301","0.000725471996702254","687.899274634746"
,"0.1278","0.499037116765976","0.00072560494299978","687.753193497921"
,"0.128","0.499074906110764","0.000725339050404727","688.057406853096"
,"0.1282","0.499095261096954","0.000725014135241508","688.393835150126"
,"0.1284","0.499037116765976","0.000724570942111313","688.734653520387"
,"0.1286","0.499040007591248","0.000724718673154712","688.598246570519"
,"0.1288","0.499103993177414","0.000723891542293131","689.473441831301"
,"0.129","0.499019682407379","0.000724556215573102","688.724589868668"
,"0.1292","0.499042928218842","0.000723640434443951","689.628307741412"
,"0.1294","0.499118506908417","0.000723980134353042","689.409119428996"
,"0.1296","0.499013870954514","0.000723699515219778","689.531857435292"
,"0.1298","0.499124348163605","0.000723492703400552","689.881661304428"
,"0.13","0.499025493860245","0.000723330245818943","689.899940925678"
,"0.1302","0.499034196138382","0.000723108649253845","690.123395223278"
,"0.1304","0.499040007591248","0.000723020057193935","690.215994184226"
,"0.1306","0.498926639556885","0.000722414464689791","690.637665693926"
,"0.1308","0.499144673347473","0.000722916680388153","690.459477404048"
,"0.131","0.498920828104019","0.000722458818927407","690.587221074743"
,"0.1312","0.499162137508392","0.000722503114957362","690.878872595379"
,"0.1314","0.498906284570694","0.000721971329767257","691.033374873109"
,"0.1316","0.499086529016495","0.000721941760275513","691.311344596591"
,"0.1318","0.499042928218842","0.000722104276064783","691.095378825966"
,"0.132","0.498990595340729","0.000722059921827167","691.065353797835"
,"0.1322","0.499086529016495","0.000722266791854054","691.000243463144"
,"0.1324","0.499025493860245","0.000721838383469731","691.325794371768"
,"0.1326","0.499115616083145","0.000721675925888121","691.60629886457"
,"0.1328","0.498961538076401","0.000721808872185647","691.26545447625"
,"0.133","0.49913015961647","0.00072158727562055","691.711420752575"
,"0.1332","0.499005138874054","0.000721661141142249","691.467380499698"
,"0.1334","0.499069094657898","0.000721203279681504","691.995043170485"
,"0.1336","0.499040007591248","0.000721395306754857","691.770521541291"
,"0.1338","0.499034196138382","0.000721218064427376","691.932469182673"
,"0.134","0.49910107254982","0.000721277145203203","691.968511506364"
,"0.1342","0.499016761779785","0.000720966956578195","692.149282608159"
,"0.1344","0.499069094657898","0.000720937445294112","692.25020550056"
,"0.1346","0.499051660299301","0.000721040822099894","692.126777019237"
,"0.1348","0.498999327421188","0.000720937445294112","692.153432559766"
,"0.135","0.498996406793594","0.000720863579772413","692.22030463952"
,"0.1352","0.498996406793594","0.000720597628969699","692.47578222961"
,"0.1354","0.499083638191223","0.000720804498996586","692.398062007084"
,"0.1356","0.499051660299301","0.000720494252163917","692.6518272706"
,"0.1358","0.499173790216446","0.000720745360013098","692.579956681754"
,"0.136","0.499022573232651","0.000720582902431488","692.526247221217"
,"0.1362","0.49910107254982","0.000720568117685616","692.649397468315"
,"0.1364","0.499051660299301","0.000720302283298224","692.83642697087"
,"0.1366","0.499077826738358","0.00072027271380648","692.901198631894"
,"0.1368","0.499057471752167","0.000720302283298224","692.8444950459"
,"0.137","0.498964428901672","0.000720110256224871","692.900044942367"
,"0.1372","0.499138861894608","0.000720568117685616","692.70184128849"
,"0.1374","0.498993515968323","0.000719593313988298","693.438232774405"
,"0.1376","0.499095261096954","0.000720257929060608","692.93962754134"
,"0.1378","0.498996406793594","0.000719829637091607","693.214590065692"
,"0.138","0.499008029699326","0.000719918229151517","693.145428873842"
,"0.1382","0.499019682407379","0.000720213633030653","692.877306845066"
,"0.1384","0.499118506908417","0.000719622825272381","693.583484819979"
,"0.1386","0.49910980463028","0.000720110256224871","693.101924761951"
,"0.1388","0.498984783887863","0.000720021605957299","693.013625923685"
,"0.139","0.499135971069336","0.000720257929060608","692.996148921722"
,"0.1392","0.499005138874054","0.000719977309927344","693.084534739589"
,"0.1394","0.499040007591248","0.000719785282853991","693.317881705673"
,"0.1396","0.498996406793594","0.000719681906048208","693.356888091846"
,"0.1398","0.499042928218842","0.000719844363629818","693.265035378503"
,"0.14","0.498996406793594","0.000719888717867434","693.157698417332"
,"0.1402","0.49903130531311","0.000719061528798193","694.003621841887"
,"0.1404","0.49909234046936","0.000719962525181472","693.219887165044"
,"0.1406","0.498976051807404","0.000719135394319892","693.855504469086"
,"0.1408","0.499069094657898","0.000719416071660817","693.714130552805"
,"0.141","0.499066174030304","0.000719578529242426","693.553453513575"
,"0.1412","0.49903130531311","0.000719534233212471","693.547689989826"
,"0.1414","0.498990595340729","0.000719238771125674","693.775996752459"
,"0.1416","0.499019682407379","0.000719548959750682","693.517342558991"
,"0.1418","0.499112695455551","0.000719268282409757","693.917287417956"
,"0.142","0.498929530382156","0.000718603667337447","694.304180537761"
,"0.1422","0.49909234046936","0.00071912060957402","694.031479316111"
,"0.1424","0.498903393745422","0.000718485505785793","694.381987845088"
,"0.1426","0.499205768108368","0.00071920920163393","694.103700250568"
,"0.1428","0.499016761779785","0.000718736555427313","694.29717747291"
,"0.143","0.499063283205032","0.000718766124919057","694.333338624207"
,"0.1432","0.498981863260269","0.000718913797754794","694.077460772927"
,"0.1434","0.498958617448807","0.000718352559488267","694.587373370327"
,"0.1436","0.499098181724548","0.000718766124919057","694.381891996863"
,"0.1438","0.498964428901672","0.000718500232324004","694.452703637633"
,"0.144","0.499080717563629","0.000718736555427313","694.386161097523"
,"0.1442","0.499005138874054","0.000718618393875659","694.395165955627"
,"0.1444","0.499106884002686","0.000718721828889102","694.436795907722"
,"0.1446","0.498938262462616","0.000718263967428356","694.644705969303"
,"0.1448","0.499089449644089","0.000718500232324004","694.626706006445"
,"0.145","0.499022573232651","0.000718485505785793","694.547863824866"
,"0.1452","0.499034196138382","0.000718190101906657","694.849726853018"
,"0.1454","0.499040007591248","0.000718042370863259","695.000779677224"
,"0.1456","0.499034196138382","0.000718042370863259","694.992686209344"
,"0.1458","0.499072015285492","0.000718618393875659","694.488228437756"
,"0.146","0.498958617448807","0.000717865070328116","695.05905506831"
,"0.1462","0.499098181724548","0.000718175317160785","694.953126066306"
,"0.1464","0.499042928218842","0.000717953720595688","695.090663789282"
,"0.1466","0.499016761779785","0.000717865070328116","695.14005125183"
,"0.1468","0.499054551124573","0.000718057155609131","695.006723665643"
,"0.147","0.498949885368347","0.000717820774298161","695.089781785973"
,"0.1472","0.499135971069336","0.000718249182682484","694.934269476208"
,"0.1474","0.499051660299301","0.000718086725100875","694.97407883316"
,"0.1476","0.499013870954514","0.000718086725100875","694.921453790158"
,"0.1478","0.498964428901672","0.000718145805876702","694.795436829912"
,"0.148","0.499042928218842","0.000717658316716552","695.376778328265"
,"0.1482","0.498981863260269","0.00071789463981986","695.062806689123"
,"0.1484","0.499040007591248","0.000717628747224808","695.401361109237"
,"0.1486","0.498996406793594","0.000718042370863259","694.940057915637"
,"0.1488","0.498952805995941","0.000717850343789905","695.065218415457"
,"0.149","0.499057471752167","0.000717909424565732","695.153810042332"
,"0.1492","0.498938262462616","0.000718190101906657","694.716149857859"
,"0.1494","0.499156326055527","0.00071813102113083","695.076958616149"
,"0.1496","0.498981863260269","0.000717909424565732","695.048492450292"
,"0.1498","0.499057471752167","0.000717673101462424","695.382717751609"
,"0.15","0.499013870954514","0.000717805989552289","695.193239144966"
,"0.1502","0.498958617448807","0.000717687828000635","695.230708926507"
,"0.1504","0.499141782522202","0.000718278693966568","694.913808128958"
,"0.1506","0.498903393745422","0.000717687828000635","695.153762235718"
,"0.1508","0.499025493860245","0.000717614020686597","695.395406827181"
,"0.151","0.498970240354538","0.000717791263014078","695.146717528034"
,"0.1512","0.498978972434998","0.000717746908776462","695.201841113608"
,"0.1514","0.499016761779785","0.000717953720595688","695.054217931693"
,"0.1516","0.498973160982132","0.000717554939910769","695.37973084567"
,"0.1518","0.499063283205032","0.000717879855073988","695.190538747736"
,"0.152","0.49900221824646","0.000717953720595688","695.033961008569"
,"0.1522","0.499008029699326","0.000717953720595688","695.042055475801"
,"0.1524","0.498955696821213","0.000717614020686597","695.298144180382"
,"0.1526","0.499089449644089","0.000717702612746507","695.398680149946"
,"0.1528","0.499013870954514","0.000717909424565732","695.093077035964"
,"0.153","0.499042928218842","0.000717909424565732","695.133551869326"
,"0.1532","0.498996406793594","0.000717924151103944","695.054492910279"
,"0.1534","0.499028384685516","0.000717761693522334","695.256363204048"
,"0.1536","0.498996406793594","0.000718012859579176","694.968620876866"
,"0.1538","0.498996406793594","0.000717953720595688","695.025866541336"
,"0.154","0.499051660299301","0.000717702612746507","695.346026942174"
,"0.1542","0.498917907476425","0.000717362912837416","695.488850271105"
,"0.1544","0.49917083978653","0.000718175317160785","695.054296435497"
,"0.1546","0.49891209602356","0.000717554939910769","695.2946294058"
,"0.1548","0.499089449644089","0.000717805989552289","695.298530394517"
,"0.155","0.49910107254982","0.000717525370419025","695.586655365721"
,"0.1552","0.499051660299301","0.000717584451194853","695.460526587955"
,"0.1554","0.49910107254982","0.000718101451639086","695.028636149681"
,"0.1556","0.49893245100975","0.000717540155164897","695.337323518976"
,"0.1558","0.499135971069336","0.000717702612746507","695.463500068978"
,"0.156","0.498967349529266","0.000717614020686597","695.314382308007"
,"0.1562","0.499048739671707","0.000717599235940725","695.442127969225"
,"0.1564","0.498973160982132","0.000717732182238251","695.208008405143"
,"0.1566","0.498993515968323","0.000717865070328116","695.107669384508"
,"0.1568","0.499121427536011","0.000717968563549221","695.185629115352"
,"0.157","0.498987704515457","0.000717318616807461","695.629100965315"
,"0.1572","0.499013870954514","0.000717569666448981","695.422192835953"
,"0.1574","0.498926639556885","0.000717023212928325","695.830526210256"
,"0.1576","0.499034196138382","0.000717495859134942","695.522057423507"
,"0.1578","0.499040007591248","0.000717658316716552","695.372708665132"
,"0.158","0.499069094657898","0.000717687828000635","695.384643833553"
,"0.1582","0.499019682407379","0.000717658316716552","695.344387131896"
,"0.1584","0.498999327421188","0.000717303832061589","695.659642563214"
,"0.1586","0.49909234046936","0.000717599235940725","695.502887227972"
,"0.1588","0.498990595340729","0.000717082293704152","695.862385282376"
,"0.159","0.499086529016495","0.000717259536031634","695.824180711183"
,"0.1592","0.498958617448807","0.000717259536031634","695.64584698223"
,"0.1594","0.499008029699326","0.00071706750895828","695.901046226818"
,"0.1596","0.499022573232651","0.000717141374479979","695.849648327022"
,"0.1598","0.498990595340729","0.00071697891689837","695.96271742459"
,"0.16","0.499048739671707","0.000717200455255806","695.828810501396"
,"0.1602","0.498958617448807","0.000716639158781618","696.248050828122"
,"0.1604","0.499057471752167","0.000717023212928325","696.01299198392"
,"0.1606","0.499016761779785","0.000716609647497535","696.35786166485"
,"0.1608","0.499005138874054","0.000717023212928325","695.940005674454"
,"0.161","0.499022573232651","0.000716845970600843","696.136399866183"
,"0.1612","0.49900221824646","0.000716668728273362","696.280162033418"
,"0.1614","0.49903130531311","0.000717170885764062","695.833190134943"
,"0.1616","0.499028384685516","0.000716786889825016","696.201886180341"
,"0.1618","0.499034196138382","0.000716905051376671","696.095243268391"
,"0.162","0.498999327421188","0.000716550508514047","696.391003135275"
,"0.1622","0.499040007591248","0.000716624432243407","696.375932968114"
,"0.1624","0.498926639556885","0.000716949347406626","695.902215911932"
,"0.1626","0.499086529016495","0.000716890266630799","696.182598993949"
,"0.1628","0.498859763145447","0.000716816401109099","695.937986873044"
,"0.163","0.499103993177414","0.000716816401109099","696.278701777989"
,"0.1632","0.498958617448807","0.000716668728273362","696.219323886122"
,"0.1634","0.499045848846436","0.000716949347406626","696.068488871078"
,"0.1636","0.498996406793594","0.000717037997674197","695.913477963723"
,"0.1638","0.498970240354538","0.000716550508514047","696.350409951257"
,"0.164","0.499080717563629","0.000716949347406626","696.117123711628"
,"0.1642","0.498958617448807","0.000716668728273362","696.219323886122"
,"0.1644","0.499045848846436","0.000716757320333272","696.254973181708"
,"0.1646","0.498976051807404","0.000716609647497535","696.301052532397"
,"0.1648","0.499037116765976","0.000716461858246475","696.529914359096"
,"0.165","0.499040007591248","0.000716609647497535","696.390300261712"
,"0.1652","0.498978972434998","0.000716594862751663","696.319494280159"
,"0.1654","0.499042928218842","0.000716742593795061","696.265203908802"
,"0.1656","0.49894118309021","0.000716225593350828","696.625738764706"
,"0.1658","0.499086529016495","0.000716964132152498","696.110874498167"
,"0.166","0.498874306678772","0.000716402777470648","696.360095699394"
,"0.1662","0.499095261096954","0.000716713024303317","696.366947680491"
,"0.1664","0.498984783887863","0.000716772105079144","696.155417254647"
,"0.1666","0.498952805995941","0.000716388050932437","696.483987060523"
,"0.1668","0.499034196138382","0.000716860755346715","696.138256162482"
,"0.167","0.498917907476425","0.000716225593350828","696.59324116339"
,"0.1672","0.499106884002686","0.00071706750895828","696.038905357409"
,"0.1674","0.498926639556885","0.000716550508514047","696.289561766607"
,"0.1676","0.499042928218842","0.000716786889825016","696.222176078959"
,"0.1678","0.498973160982132","0.000716905051376671","696.0101062532"
,"0.168","0.499051660299301","0.000716624432243407","696.39219351901"
,"0.1682","0.498944073915482","0.000716786889825016","696.084262977082"
,"0.1684","0.498978972434998","0.000716506212484092","696.405646930907"
,"0.1686","0.499045848846436","0.000716609647497535","696.398451498872"
,"0.1688","0.498964428901672","0.000716314185410738","696.57203370273"
,"0.169","0.499077826738358","0.000716668728273362","696.385661951183"
,"0.1692","0.498938262462616","0.000716402777470648","696.449369200077"
,"0.1694","0.499121427536011","0.000716580078005791","696.532659580828"
,"0.1696","0.499008029699326","0.000716742593795061","696.216513458676"
,"0.1698","0.498964428901672","0.000716284615918994","696.600789424327"
,"0.17","0.499040007591248","0.000716919836122543","696.088994120044"
,"0.1702","0.49894118309021","0.000716860755346715","696.008505653086"
,"0.1704","0.499019682407379","0.000716993643436581","695.988990942174"
,"0.1706","0.498955696821213","0.000716875481884927","696.014453596985"
,"0.1708","0.49901095032692","0.000716358481440693","696.59390271103"
,"0.171","0.498949885368347","0.000717200455255806","695.69097692553"
,"0.1712","0.498990595340729","0.000716432346962392","696.493670974522"
,"0.1714","0.499008029699326","0.000716993643436581","695.972738764543"
,"0.1716","0.49893245100975","0.000716181239113212","696.656689342404"
,"0.1718","0.499045848846436","0.000716432346962392","696.570794105465"
,"0.172","0.498920828104019","0.000716343696694821","696.482471202048"
,"0.1722","0.499025493860245","0.000716801674570888","696.183493375605"
,"0.1724","0.498949885368347","0.000716609647497535","696.264538316955"
,"0.1726","0.49903130531311","0.000716550508514047","696.435630682869"
,"0.1728","0.49894118309021","0.000716698239557445","696.166329916342"
,"0.173","0.498961538076401","0.000716713024303317","696.180369488078"
,"0.1732","0.49903130531311","0.000717244751285762","695.761529684988"
,"0.1734","0.498929530382156","0.000716373266186565","696.465870422669"
,"0.1736","0.499008029699326","0.000716668728273362","696.28827101409"
,"0.1738","0.498900473117828","0.000716565293259919","696.238678890164"
,"0.174","0.498946994543076","0.000716565293259919","696.3036016902"
,"0.1742","0.499037116765976","0.000716432346962392","696.558605822096"
,"0.1744","0.499025493860245","0.00071632897015661","696.642903819936"
,"0.1746","0.498978972434998","0.000716698239557445","696.219056911752"
,"0.1748","0.49910107254982","0.000716033566277474","697.035859847401"
,"0.175","0.498952805995941","0.000716107431799173","696.75691640618"
,"0.1752","0.498946994543076","0.000716550508514047","696.317968677144"
,"0.1754","0.499112695455551","0.000716461858246475","696.635403142211"
,"0.1756","0.498897552490234","0.000716343696694821","696.449978958601"
,"0.1758","0.499144673347473","0.000716255104634911","696.881139300078"
,"0.176","0.498830705881119","0.000716063077561557","696.629558920717"
,"0.1762","0.499066174030304","0.000716092647053301","696.92961669687"
,"0.1764","0.498964428901672","0.000716299400664866","696.586411266763"
,"0.1766","0.499019682407379","0.000716033566277474","696.922191792893"
,"0.1768","0.498958617448807","0.000716033566277474","696.83690953596"
,"0.177","0.499016761779785","0.000716107431799173","696.846226726118"
,"0.1772","0.499054551124573","0.000716122158337384","696.884665995009"
,"0.1774","0.49894118309021","0.000715974485501647","696.870060586904"
,"0.1776","0.499045848846436","0.000716196023859084","696.800641474416"
,"0.1778","0.49900221824646","0.000716314185410738","696.624788967888"
,"0.178","0.498961538076401","0.000716151727829129","696.726013059975"
,"0.1782","0.499060362577438","0.000716255104634911","696.763428767212"
,"0.1784","0.49893245100975","0.000715797243174165","697.030417157323"
,"0.1786","0.499074906110764","0.00071632897015661","696.711883649842"
,"0.1788","0.498973160982132","0.00071575294714421","697.130431628664"
,"0.179","0.499057471752167","0.000716299400664866","696.716305065932"
,"0.1792","0.498952805995941","0.000716077862307429","696.785688064923"
,"0.1794","0.499077826738358","0.000715797243174165","697.233513397206"
,"0.1796","0.498964428901672","0.000716107431799173","696.773147079422"
,"0.1798","0.498996406793594","0.000715560920070857","697.349998857096"
,"0.18","0.499034196138382","0.00071600399678573","696.97124370623"
,"0.1802","0.49893245100975","0.000715693866368383","697.131098162771"
,"0.1804","0.499069094657898","0.000715900619979948","697.120634805257"
,"0.1806","0.499005138874054","0.000715782458428293","697.146364790447"
,"0.1808","0.498990595340729","0.000715930189471692","696.982195581039"
,"0.181","0.499066174030304","0.000716314185410738","696.714073509709"
,"0.1812","0.499022573232651","0.000715871108695865","697.084387358142"
,"0.1814","0.498964428901672","0.000715989270247519","696.888137344823"
,"0.1816","0.499008029699326","0.000715546135324985","697.380651036131"
,"0.1818","0.499037116765976","0.000716166512575001","696.817161935807"
,"0.182","0.498970240354538","0.000715679081622511","697.198301818919"
,"0.1822","0.499037116765976","0.00071600399678573","696.975322772279"
,"0.1824","0.498944073915482","0.000715368892997503","697.464034010245"
,"0.1826","0.498967349529266","0.000716314185410738","696.576111002403"
,"0.1828","0.498955696821213","0.00071575294714421","697.106031923446"
,"0.183","0.499022573232651","0.000715841539204121","697.113182042312"
,"0.1832","0.498996406793594","0.000715871108695865","697.047835472281"
,"0.1834","0.499057471752167","0.000715531350579113","697.46415911512"
,"0.1836","0.499103993177414","0.000715959700755775","697.111852315925"
,"0.1838","0.498981863260269","0.000715871108695865","697.027519617725"
,"0.184","0.49910107254982","0.00071591540472582","697.150905337712"
,"0.1842","0.499028384685516","0.000716136943083256","696.833740397471"
,"0.1844","0.499072015285492","0.000715797243174165","697.225394543828"
,"0.1846","0.498955696821213","0.000716033566277474","696.832830638361"
,"0.1848","0.498981863260269","0.000715354108251631","697.531275076914"
,"0.185","0.499103993177414","0.000715885835234076","697.183780727021"
,"0.1852","0.498859763145447","0.000715723377652466","697.00079489045"
,"0.1854","0.499069094657898","0.000715944916009903","697.077503447199"
,"0.1856","0.498964428901672","0.000715767673682421","697.103888940167"
,"0.1858","0.499051660299301","0.000715634785592556","697.355229715502"
,"0.186","0.498984783887863","0.000715885835234076","697.017260754584"
,"0.1862","0.498952805995941","0.000715782458428293","697.07325196476"
,"0.1864","0.499089449644089","0.000715959700755775","697.091538975231"
,"0.1866","0.498946994543076","0.000715605216100812","697.237783231566"
,"0.1868","0.499063283205032","0.000716107431799173","696.911191036195"
,"0.187","0.498926639556885","0.000715826754458249","696.993562268404"
,"0.1872","0.499054551124573","0.000716136943083256","696.87027871505"
,"0.1874","0.49893245100975","0.000715708592906594","697.11675387816"
,"0.1876","0.498981863260269","0.000715767673682421","697.128246506508"
,"0.1878","0.499005138874054","0.000715885835234076","697.045694039878"
,"0.188","0.498993515968323","0.000715856323949993","697.058193486296"
,"0.1882","0.499060362577438","0.000716269889380783","696.749046660159"
,"0.1884","0.498938262462616","0.00071542797377333","697.398313671049"
,"0.1886","0.499057471752167","0.000715841539204121","697.161933780797"
,"0.1888","0.498917907476425","0.000715959700755775","696.851941456708"
,"0.189","0.499040007591248","0.00071591540472582","697.065609004976"
,"0.1892","0.49900221824646","0.000715826754458249","697.099144644453"
,"0.1894","0.498993515968323","0.000715723377652466","697.187672708127"
,"0.1896","0.499098181724548","0.000715974485501647","697.089340236553"
,"0.1898","0.498961538076401","0.000715575704816729","697.286862476966"
,"0.19","0.49903130531311","0.000716136943083256","696.837818706267"
,"0.1902","0.499013870954514","0.000715250731445849","697.676841162788"
,"0.1904","0.499074906110764","0.00071632897015661","696.711883649842"
,"0.1906","0.498929530382156","0.000715812027920038","697.011940176411"
,"0.1908","0.499048739671707","0.000715989270247519","697.005891581567"
,"0.191","0.49900221824646","0.000715723377652466","697.19983142532"
,"0.1912","0.498999327421188","0.000715442758519202","697.469254499129"
,"0.1914","0.499048739671707","0.00071591540472582","697.077806089159"
,"0.1916","0.49894118309021","0.000715472269803286","697.359218726102"
,"0.1918","0.499144673347473","0.000715767673682421","697.355708702959"
,"0.192","0.498949885368347","0.000715354108251631","697.486572891586"
,"0.1922","0.498978972434998","0.000715605216100812","697.282469730773"
,"0.1924","0.49901095032692","0.000715560920070857","697.370323518375"
,"0.1926","0.499060362577438","0.000715457543265074","697.540150740347"
,"0.1928","0.499042928218842","0.000715560920070857","697.415012783852"
,"0.193","0.499077826738358","0.000715560920070857","697.463783641143"
,"0.1932","0.499063283205032","0.000715797243174165","697.213195446188"
,"0.1934","0.498987704515457","0.00071533938171342","697.5538007152"
,"0.1936","0.499074906110764","0.000715841539204121","697.186288833755"
,"0.1938","0.498952805995941","0.000715812027920038","697.044456553444"
,"0.194","0.499060362577438","0.000715605216100812","697.396205825214"
,"0.1942","0.499019682407379","0.00071550183929503","697.4401112638"
,"0.1944","0.498984783887863","0.000715029134880751","697.852380478288"
,"0.1946","0.499016761779785","0.000715693866368383","697.248901002779"
,"0.1948","0.498973160982132","0.000715132511686534","697.735248821757"
,"0.195","0.499103993177414","0.000715708592906594","697.356435459971"
,"0.1952","0.499028384685516","0.000715147296432406","697.798044088227"
,"0.1954","0.499060362577438","0.000715280300937593","697.712997161068"
,"0.1956","0.498999327421188","0.000715620000846684","697.296507686759"
,"0.1958","0.499069094657898","0.000715442758519202","697.566770667793"
,"0.196","0.499135971069336","0.000715782458428293","697.329146854664"
,"0.1962","0.499037116765976","0.000715442758519202","697.522074021498"
,"0.1964","0.499066174030304","0.000715797243174165","697.217234055305"
,"0.1966","0.498976051807404","0.000715206435415894","697.667172859327"
,"0.1968","0.499098181724548","0.00071542797377333","697.621843177575"
,"0.197","0.498883038759232","0.000715236004907638","697.508284448928"
,"0.1972","0.499165028333664","0.000715649512130767","697.499292422425"
,"0.1974","0.49900221824646","0.000715295027475804","697.617345401355"
,"0.1976","0.499040007591248","0.000715472269803286","697.497343577628"
,"0.1978","0.499066174030304","0.000715856323949993","697.159691593598"
,"0.198","0.498949885368347","0.000715029134880751","697.803573348881"
,"0.1982","0.499028384685516","0.000715029134880751","697.913358130143"
,"0.1984","0.499013870954514","0.000715368892997503","697.561601908031"
,"0.1986","0.49910980463028","0.000715620000846684","697.450887398003"
,"0.1988","0.498993515968323","0.000714955269359052","697.936692481005"
,"0.199","0.498987704515457","0.000716136943083256","696.7769353821"
,"0.1992","0.499042928218842","0.000715738162398338","697.242307922521"
,"0.1994","0.498958617448807","0.000715088215656579","697.758131828076"
,"0.1996","0.499086529016495","0.00071591540472582","697.130590740165"
,"0.1998","0.498888850212097","0.000715206435415894","697.545247788483"
,"0.2","0.499112695455551","0.00071550183929503","697.570108201703"
,"0.2002","0.49885106086731","0.000715117785148323","697.57887613415"
,"0.2004","0.499069094657898","0.000715531350579113","697.480402855833"
,"0.2006","0.49901095032692","0.00071575294714421","697.183228260433"
,"0.2008","0.499063283205032","0.000715487054549158","697.5154617151"
,"0.201","0.498978972434998","0.000715605216100812","697.282469730773"
,"0.2012","0.498976051807404","0.00071550183929503","697.379132245188"
,"0.2014","0.499069094657898","0.000715930189471692","697.091842189498"
,"0.2016","0.498888850212097","0.00071533938171342","697.415608542523"
,"0.2018","0.499040007591248","0.000715812027920038","697.166278473033"
,"0.202","0.498970240354538","0.000715516624040902","697.356600237446"
,"0.2022","0.499051660299301","0.000715679081622511","697.312067816632"
,"0.2024","0.498958617448807","0.00071542797377333","697.42676515315"
,"0.2026","0.498999327421188","0.000715413189027458","697.498082331323"
,"0.2028","0.499048739671707","0.00071575294714421","697.236024892201"
,"0.203","0.498978972434998","0.000715206435415894","697.67125647414"
,"0.2032","0.499074906110764","0.000715826754458249","697.200688577885"
,"0.2034","0.498894661664963","0.000715250731445849","697.510173329664"
,"0.2036","0.499083638191223","0.000716033566277474","697.011511326021"
,"0.2038","0.498958617448807","0.000716033566277474","696.83690953596"
,"0.204","0.498973160982132","0.000715191650670022","697.677553302912"
,"0.2042","0.49900221824646","0.000715944916009903","696.984093451622"
,"0.2044","0.499057471752167","0.00071533938171342","697.65133097635"
,"0.2046","0.499005138874054","0.000715856323949993","697.074429852928"
,"0.2048","0.498935371637344","0.000715457543265074","697.36545003131"
,"0.205","0.499034196138382","0.000715605216100812","697.359640358015"
,"0.2052","0.498990595340729","0.000715176924131811","697.716297189648"
,"0.2054","0.499005138874054","0.000715812027920038","697.117566358912"
,"0.2056","0.498944073915482","0.000715649512130767","697.190545732269"
,"0.2058","0.499042928218842","0.000715487054549158","697.487012582357"
,"0.206","0.498976051807404","0.000715516624040902","697.364722274964"
,"0.2062","0.498990595340729","0.000715487054549158","697.413869570502"
,"0.2064","0.498993515968323","0.00071559043135494","697.317200040671"
,"0.2066","0.498976051807404","0.000715812027920038","697.076931296192"
,"0.2068","0.499133050441742","0.000715368892997503","697.728200551605"
,"0.207","0.498999327421188","0.000715738162398338","697.181390676601"
,"0.2072","0.498946994543076","0.000715575704816729","697.266538235622"
,"0.2074","0.499066174030304","0.000715472269803286","697.53391583928"
,"0.2076","0.499019682407379","0.000714999623596668","697.929993161614"
,"0.2078","0.499005138874054","0.000715841539204121","697.088826989354"
,"0.208","0.499034196138382","0.000715265516191721","697.690836258098"
,"0.2082","0.498999327421188","0.000715147296432406","697.757412928083"
,"0.2084","0.499042928218842","0.000715295027475804","697.674258941668"
,"0.2086","0.49900221824646","0.000715058704372495","697.847904228175"
,"0.2088","0.498944073915482","0.000715413189027458","697.42084933289"
,"0.209","0.499072015285492","0.00071550183929503","697.513252764267"
,"0.2092","0.499083638191223","0.000715546135324985","697.48631646868"
,"0.2094","0.498920828104019","0.000715088215656579","697.705286117631"
,"0.2096","0.499089449644089","0.000715605216100812","697.436852631576"
,"0.2098","0.498955696821213","0.000715531350579113","697.321922257333"
,"0.21","0.499037116765976","0.000715236004907638","697.72370705865"
,"0.2102","0.498964428901672","0.000715191650670022","697.665343875619"
,"0.2104","0.499034196138382","0.000715250731445849","697.705258028336"
,"0.2106","0.498949885368347","0.000715265516191721","697.572962869648"
,"0.2108","0.499028384685516","0.000714984838850796","697.956596516943"
,"0.211","0.49901095032692","0.000715487054549158","697.442318703245"
,"0.2112","0.49894118309021","0.000715088215656579","697.733751117815"
,"0.2114","0.499037116765976","0.000715162081178278","697.795828246065"
,"0.2116","0.498976051807404","0.000715058704372495","697.81131081438"
,"0.2118","0.499063283205032","0.000715280300937593","697.717080354174"
,"0.212","0.498996406793594","0.00071485189255327","698.041667080583"
,"0.2122","0.499008029699326","0.000714999623596668","697.913695659253"
,"0.2124","0.498999327421188","0.000715398462489247","697.512440388685"
,"0.2126","0.498967349529266","0.000715295027475804","697.568598079126"
,"0.2128","0.499077826738358","0.000715693866368383","697.334223738438"
,"0.213","0.498883038759232","0.000714659865479916","698.070596736555"
,"0.2132","0.499124348163605","0.000715132511686534","697.946660244119"
,"0.2134","0.498923718929291","0.000714674650225788","698.113076728921"
,"0.2136","0.499066174030304","0.000714999623596668","697.99501644469"
,"0.2138","0.498944073915482","0.000714778027031571","698.040587491988"
,"0.214","0.499034196138382","0.000715043919626623","697.907054994558"
,"0.2142","0.49903130531311","0.000714645138941705","698.292450505029"
,"0.2144","0.498964428901672","0.000714837107807398","698.01136993592"
,"0.2146","0.499054551124573","0.000715191650670022","697.791355166181"
,"0.2148","0.498917907476425","0.000715132511686534","697.657985510687"
,"0.215","0.499063283205032","0.000715295027475804","697.702715711824"
,"0.2152","0.498964428901672","0.000715295027475804","697.564514970084"
,"0.2154","0.49913015961647","0.000714925758074969","698.156632320038"
,"0.2156","0.49894118309021","0.00071542797377333","697.402396021336"
,"0.2158","0.498955696821213","0.000715324596967548","697.523472471685"
,"0.216","0.499042928218842","0.000715620000846684","697.357434991197"
,"0.2162","0.49903130531311","0.000715073430910707","697.874209474615"
,"0.2164","0.499074906110764","0.000715029134880751","697.978420409396"
,"0.2166","0.49891209602356","0.000714718946255744","698.053547673881"
,"0.2168","0.499054551124573","0.000715132511686534","697.849060096047"
,"0.217","0.498909205198288","0.000714999623596668","697.775479501123"
,"0.2172","0.499063283205032","0.000715309812221676","697.688294887211"
,"0.2174","0.498894661664963","0.000715457543265074","697.308549418877"
,"0.2176","0.499019682407379","0.000715117785148323","697.814671612282"
,"0.2178","0.498993515968323","0.000715250731445849","697.648382630282"
,"0.218","0.498967349529266","0.000715280300937593","697.582959960197"
,"0.2182","0.498990595340729","0.000715531350579113","697.370695130091"
,"0.2184","0.498952805995941","0.000715413189027458","697.433054979352"
,"0.2186","0.499080717563629","0.000715383677743375","697.640627107879"
,"0.2188","0.498964428901672","0.000715442758519202","697.420475586909"
,"0.219","0.499016761779785","0.000714792811777443","698.127840064456"
,"0.2192","0.498967349529266","0.00071550183929503","697.366969763333"
,"0.2194","0.498976051807404","0.000715236004907638","697.638329703269"
,"0.2196","0.499008029699326","0.000715029134880751","697.884890777978"
,"0.2198","0.498929530382156","0.000715147296432406","697.659814797768"
,"0.22","0.499051660299301","0.000715191650670022","697.787313137351"
,"0.2202","0.408644318580627","0.000587721297051758","695.302893787496"
,"0.2204","0.0215639118105173","3.01459203910781E-05","715.317745511572"
,"0.2206","0.00224448856897652","4.71781589794773E-07","4757.47383434967"
,"0.2208","0.000142465738463216","-2.98453937830345E-06","-47.7345815903423"
,"0.221","-0.000363415310857818","-3.22086884807504E-06","112.831452629626"
